longitude,time,humidity,temperature,windspeed,soundvalue,lux,distance,latitude
0, 23:59:47,0,0,0.01,125,4104,0,0
0, 23:59:47,0,0,0.01,125,4104,0,0
0, 23:59:51,0,0,0.2,117,4104,0,0
0, 23:59:51,0,0,0.2,117,4104,0,0
0, 12:2:23,0,0,0.2,127,4104,0,0
0, 12:2:23,0,0,0.2,127,4104,0,0
0, 12:2:27,0,0,0.01,143,4104,0,0
0, 12:2:27,0,0,0.01,143,4104,0,0
0, 12:2:31,0,0,0.11,151,4104,0,0
0, 12:2:31,0,0,0.11,151,4104,0,0
0, 12:2:35,0,0,0.11,149,4104,0,0
0, 12:2:35,0,0,0.11,149,4104,0,0
0, 12:2:39,95,4,0.2,160,4104,0,0
0, 12:2:39,95,9,0.2,160,4104,0,0
0, 12:2:43,64,9,0.11,155,4104,0,0
0, 12:2:43,64,9,0.11,155,4104,0,0
0, 12:2:47,64,9,0.2,165,4104,0,0
0, 12:2:47,64,9,0.2,165,4104,0,0
0, 12:2:51,64,8,0.2,162,4104,0,0
0, 12:2:51,65,8,0.2,162,4104,0,0
0, 12:2:55,65,8,0.3,112,4104,0,0
0, 12:2:55,65,8,0.3,112,4104,0,0
0, 12:2:59,65,8,0.2,110,4104,0,0
0, 12:2:59,65,8,0.2,110,4104,0,0
0, 12:3:3,65,8,0.01,115,4104,0,0
0, 12:3:3,65,7,0.01,115,4104,0,0
0, 12:3:7,65,7,0.69,106,4104,0,0
0, 12:3:7,65,7,0.69,106,4104,0,0
0, 12:3:11,65,7,0.59,162,4104,0,0
0, 12:3:11,65,7,0.59,162,4104,0,0
0, 12:3:15,65,6,0.5,141,4104,0,0
0, 12:3:15,66,6,0.5,141,4104,0,0
0, 12:3:19,0,0,0.4,135,4104,0,0
0, 12:3:19,9,6,0.4,135,4104,0,0
0, 12:3:23,67,6,0.11,95,4104,0,0
0, 12:3:45,68,5,0.5,132,4104,0,0
0, 12:3:46,69,4,0.5,132,4104,0,0
0, 12:3:48,69,3,0.5,132,4104,0,0
0, 12:3:50,69,3,0.5,132,4104,0,0
0, 12:3:52,70,4,0.5,132,4104,0,0
0, 12:3:54,70,3,0.5,132,4104,0,51.974956
7.57558, 12:3:58,0,0,0.2,139,4104,0,51.974956
7.57558, 12:3:58,70,3,0.2,139,4104,0,51.975025
7.575547, 12:4:3,0,0,0.4,143,4104,0,51.975048
7.575535, 12:4:6,0,0,0.79,152,4104,0,51.975048
7.575535, 12:4:6,70,3,0.79,152,4104,0,51.975074
7.575527, 12:4:11,0,0,0.4,134,4104,0,51.975074
7.575527, 12:4:11,71,2,0.4,134,4104,0,51.975082
7.575535, 12:4:16,0,0,0.69,119,4104,0,51.975082
7.575535, 12:4:16,72,2,0.69,119,4104,0,51.97507
7.575545, 12:4:21,0,0,1.18,102,4104,0,51.97507
7.575545, 12:4:21,21,1,1.18,102,4104,0,51.975063
7.57554, 12:4:26,0,0,1.28,106,4104,0,51.975063
7.57554, 12:4:26,21,1,1.28,106,4104,0,51.975063
7.57554, 12:4:31,0,0,0.89,100,4104,0,51.975063
7.57554, 12:4:34,0,0,1.18,105,4104,0,51.975063
7.57554, 12:4:34,38,1,1.18,105,4104,0,51.975063
7.57554, 12:4:39,0,0,0.98,94,4104,0,51.975063
7.57554, 12:4:39,69,1,0.98,94,4104,0,51.975063
7.57554, 12:4:44,66,1,1.08,97,4104,0,51.975063
7.57554, 12:4:44,72,1,1.08,97,4104,0,51.975063
7.57554, 12:4:49,0,0,0.79,97,4104,0,51.975063
7.57554, 12:4:49,0,0,0.79,97,4104,0,51.975063
7.57554, 12:4:54,0,0,0.89,104,4104,0,51.975063
7.57554, 12:4:54,71,1,0.89,104,4104,0,51.975009
7.575521, 12:4:59,0,0,0.59,86,4104,0,51.975009
7.575521, 12:4:59,71,1,0.59,86,4104,0,51.974983
7.575512, 12:5:4,0,0,0.98,99,4104,0,51.97496
7.57549, 12:5:7,0,0,0.89,105,4104,0,51.974956
7.575488, 12:5:10,0,0,0.5,108,4104,0,51.974956
7.575488, 12:5:10,78,1,0.5,108,4104,0,51.974956
7.575488, 12:5:15,0,0,0.59,115,4104,0,51.974956
7.575488, 12:5:15,64,21,0.59,115,4104,0,51.974956
7.575488, 12:5:20,0,0,0.4,115,4104,0,51.974956
7.575488, 12:5:20,0,0,0.4,115,4104,0,51.974956
7.575488, 12:5:25,0,0,0.59,108,4104,0,51.974956
7.575488, 12:5:25,78,1,0.59,108,4104,0,51.974956
7.575488, 12:5:30,0,0,0.3,114,4104,0,51.974956
7.575488, 12:5:30,0,0,0.3,114,4104,0,51.974956
7.575488, 12:5:35,0,0,0.5,114,4104,0,51.974956
7.575488, 12:5:35,0,0,0.5,114,4104,0,51.974956
7.575488, 12:5:40,0,0,0.5,113,4104,0,51.974956
7.575488, 12:5:40,0,0,0.5,113,4104,0,51.974956
7.575488, 12:5:45,0,0,0.69,123,4104,0,51.974956
7.575488, 12:5:45,0,0,0.69,123,4104,0,51.974956
7.575488, 12:5:50,0,0,0.69,131,4104,0,51.974956
7.575488, 12:5:50,81,1,0.69,131,4104,0,51.974956
7.575488, 12:5:55,0,0,0.79,131,4104,0,51.974956
7.575488, 12:5:55,0,0,0.79,131,4104,0,51.974956
7.575488, 12:6:0,0,0,0.69,147,4104,0,51.974956
7.575488, 12:6:0,83,1,0.69,147,4104,0,51.974956
7.575488, 12:6:5,0,0,0.5,132,4104,0,51.974956
7.575488, 12:6:5,0,0,0.5,132,4104,0,51.974956
7.575488, 12:6:10,0,0,0.59,138,4104,0,51.974956
7.575488, 12:6:10,0,0,0.59,138,4104,0,51.974956
7.575488, 12:6:15,0,0,0.79,136,4104,0,51.974956
7.575488, 12:6:15,0,0,0.79,136,4104,0,51.974956
7.575488, 12:6:20,0,0,0.69,133,4104,0,51.974956
7.575488, 12:6:20,0,0,0.69,133,4104,0,51.974956
7.575488, 12:6:25,0,0,0.79,133,4104,0,51.974956
7.575488, 12:6:25,87,1,0.79,133,4104,0,51.974956
7.575488, 12:6:30,0,0,0.89,135,4104,0,51.974956
7.575488, 12:6:30,82,1,0.89,135,4104,0,51.974956
7.575488, 12:6:35,0,0,0.69,136,4104,0,51.974956
7.575488, 12:6:35,83,1,0.69,136,4104,0,51.974956
7.575488, 12:6:40,0,0,0.69,134,4104,0,51.974956
7.575488, 12:6:40,84,1,0.69,134,4104,0,51.974956
7.575488, 12:6:45,0,0,-0.09,131,4104,0,51.974956
7.575488, 12:6:45,0,0,-0.09,131,4104,0,51.97504
7.575376, 12:6:50,0,0,0.5,131,4104,0,51.97504
7.575376, 12:6:50,0,0,0.5,131,4104,0,51.975013
7.575363, 12:6:55,0,0,0.3,131,4104,0,51.975013
7.575363, 12:6:55,0,0,0.3,131,4104,0,51.975009
7.575363, 12:7:0,0,0,0.3,134,4104,0,51.975009
7.575363, 12:7:0,84,1,0.3,134,4104,0,51.975009
7.575363, 12:7:5,0,0,0.5,132,4104,0,51.975009
7.575363, 12:7:5,81,7,0.5,132,4104,0,51.975009
7.575363, 12:7:10,0,0,0.59,130,4104,0,51.975009
7.575363, 12:7:10,0,0,0.59,130,4104,0,51.975009
7.575363, 12:7:15,0,1,0.4,135,4104,0,51.975009
7.575363, 12:7:15,0,0,0.4,135,4104,0,51.974925
7.575323, 12:7:20,0,0,0.5,135,4104,0,51.974925
7.575323, 12:7:20,0,0,0.5,135,4104,0,51.974994
7.57538, 12:7:25,0,0,0.59,138,4104,0,51.974994
7.57538, 12:7:25,85,1,0.59,138,4104,0,51.974994
7.57538, 12:7:30,0,0,0.5,135,4104,0,51.974994
7.57538, 12:7:30,83,4,0.5,135,4104,0,51.974994
7.57538, 12:7:35,0,0,0.3,133,4104,0,51.974994
7.57538, 12:7:35,83,1,0.3,133,4104,0,51.975147
7.575553, 12:7:40,0,0,0.79,137,4104,0,51.975147
7.575553, 12:7:40,0,0,0.79,137,4104,0,51.97517
7.575617, 12:7:45,0,0,0.98,137,4104,0,51.97517
7.575617, 12:7:45,0,0,0.98,137,4104,0,51.975154
7.575642, 12:7:50,0,0,0.98,137,4104,0,51.975154
7.575642, 12:7:50,88,1,0.98,137,4104,0,51.975135
7.575645, 12:7:55,0,0,0.69,133,4104,0,51.975135
7.575645, 12:7:55,86,1,0.69,133,4104,0,51.975128
7.57564, 12:8:0,0,0,0.5,134,4104,0,51.975128
7.57564, 12:8:0,0,0,0.5,134,4104,0,51.975128
7.57564, 12:8:5,0,0,0.79,133,4104,0,51.975128
7.57564, 12:8:8,0,0,0.79,132,4104,0,51.975128
7.57564, 12:8:8,0,0,0.79,132,4104,0,51.975128
7.57564, 12:8:13,0,0,0.79,130,4104,0,51.975128
7.57564, 12:8:13,0,0,0.79,130,4104,0,51.975128
7.57564, 12:8:18,0,0,0.79,126,4104,0,51.975128
7.57564, 12:8:18,0,0,0.79,126,4104,0,51.975128
7.57564, 12:8:23,0,0,0.89,116,4104,0,51.975128
7.57564, 12:8:23,0,0,0.89,116,4104,0,51.975009
7.57554, 12:8:28,0,0,0.59,111,4104,0,51.975009
7.57554, 12:8:28,0,0,0.59,111,4104,0,51.974998
7.575525, 12:8:33,0,0,0.69,113,4104,0,51.974998
7.575525, 12:8:33,0,0,0.69,113,4104,0,51.974998
7.575525, 12:8:38,0,0,0.59,117,4104,0,51.974998
7.575525, 12:8:41,0,0,0.79,118,4104,0,51.974998
7.575525, 12:8:41,0,0,0.79,118,4104,0,51.974998
7.575525, 12:8:46,0,0,0.79,123,4104,0,51.974998
7.575525, 12:8:52,0,0,0.59,119,4104,0,51.974998
7.575525, 12:8:52,0,0,0.59,119,4104,0,51.974998
7.575525, 12:8:57,0,0,0.5,105,4104,0,51.974998
7.575525, 12:8:57,0,0,0.5,105,4104,0,51.974979
7.575479, 12:9:2,0,0,0.59,103,4104,0,51.974979
7.575479, 12:9:2,0,0,0.59,103,4104,0,51.974979
7.575483, 12:9:7,0,0,0.59,102,4104,0,51.974979
7.575483, 12:9:7,0,0,0.59,102,4104,0,51.974979
7.575483, 12:9:12,0,0,0.2,102,4104,0,51.974979
7.575483, 12:9:12,0,0,0.2,102,4104,0,51.974979
7.575483, 12:9:17,0,0,0.69,103,4104,0,51.974979
7.575483, 12:9:17,0,0,0.69,103,4104,0,51.974979
7.575483, 12:9:22,0,0,0.59,102,4104,0,51.974979
7.575483, 12:9:22,0,0,0.59,102,4104,0,51.974979
7.575483, 12:9:27,0,0,0.4,105,4104,0,51.974979
7.575483, 12:9:27,87,1,0.4,105,4104,0,51.974979
7.575483, 12:9:32,0,0,0.4,108,4104,0,51.974979
7.575483, 12:9:32,0,0,0.4,108,4104,0,51.974979
7.575483, 12:9:37,0,0,0.59,106,4104,0,51.974979
7.575483, 12:9:37,0,0,0.59,106,4104,0,51.974979
7.575483, 12:9:42,0,0,0.5,109,4104,0,51.974979
7.575483, 12:9:42,0,0,0.5,109,4104,0,51.974979
7.575483, 12:9:47,0,0,0.5,112,4104,0,51.974979
7.575483, 12:9:47,0,0,0.5,112,4104,0,51.974979
7.575483, 12:9:52,0,0,0.79,111,4104,0,51.974979
7.575483, 12:9:52,0,0,0.79,111,4104,0,51.974979
7.575483, 12:9:57,0,0,0.5,114,4104,0,51.974979
7.575483, 12:9:57,0,0,0.5,114,4104,0,51.974979
7.575483, 12:10:2,0,0,0.4,115,4104,0,51.974979
7.575483, 12:10:2,0,0,0.4,115,4104,0,51.974979
7.575483, 12:10:7,0,0,0.59,113,4104,0,51.974979
7.575483, 12:10:7,0,0,0.59,113,4104,0,51.974979
7.575483, 12:10:12,0,0,0.3,116,4104,0,51.974979
7.575483, 12:10:12,0,0,0.3,116,4104,0,51.974979
7.575483, 12:10:17,0,0,0.59,117,4104,0,51.974979
7.575483, 12:10:17,0,0,0.59,117,4104,0,51.974979
7.575483, 12:10:22,0,0,0.5,112,4104,0,51.974979
7.575483, 12:10:22,0,0,0.5,112,4104,0,51.974979
7.575483, 12:10:27,0,0,0.5,117,4104,0,51.975051
7.575605, 12:11:47,87,1,0.79,139,905,0,51.975051
7.575605, 12:11:50,0,0,0.5,137,915,0,51.975051
7.575605, 12:11:55,0,0,0.79,137,931,0,51.975051
7.575605, 12:11:55,0,0,0.79,137,931,0,51.975051
7.575605, 12:12:0,0,0,0.69,143,937,0,51.975051
7.575605, 12:12:0,0,0,0.69,143,937,0,51.975051
7.575605, 12:12:5,0,0,0.69,142,933,0,51.975051
7.575605, 12:12:5,0,0,0.69,142,933,0,51.975051
7.575605, 12:12:10,0,0,0.89,145,933,0,51.975051
7.575605, 12:12:10,0,0,0.89,145,933,0,51.975051
7.575605, 12:12:15,0,0,0.5,143,936,0,51.975051
7.575605, 12:12:15,0,0,0.5,143,936,0,51.975051
7.575605, 12:12:20,0,0,0.3,147,948,0,51.975051
7.575605, 12:12:20,0,0,0.3,147,948,0,51.975051
7.575605, 12:12:25,0,0,0.59,161,963,0,51.975051
7.575605, 12:12:25,0,0,0.59,161,963,0,51.975051
7.575605, 12:12:30,0,0,0.5,160,975,0,51.975051
7.575605, 12:12:30,0,1,0.5,160,975,0,51.975051
7.575605, 12:12:34,88,0,0.59,156,982,0,51.975051
7.575605, 12:12:34,0,0,0.59,156,982,0,51.975051
7.575605, 12:12:39,0,0,0.69,161,986,0,51.975051
7.575605, 12:12:39,0,0,0.69,161,986,0,51.975051
7.575605, 12:12:44,0,0,0.79,163,993,0,51.975051
7.575605, 12:12:44,0,0,0.79,163,993,0,51.975051
7.575605, 12:12:49,0,0,1.18,164,1005,0,51.975051
7.575605, 12:12:49,0,0,1.18,164,1005,0,51.975051
7.575605, 12:12:54,0,0,0.79,169,1024,0,51.975051
7.575605, 12:12:54,0,0,0.79,169,1024,0,51.975051
7.575605, 12:12:59,0,0,0.79,173,1044,0,51.975051
7.575605, 12:12:59,91,1,0.79,173,1044,0,51.975051
7.575605, 12:13:4,0,0,1.38,171,1057,0,51.975051
7.575605, 12:13:4,90,1,1.38,171,1057,0,51.975051
7.575605, 12:13:9,0,0,0.79,174,1068,0,51.975051
7.575605, 12:13:9,0,0,0.79,174,1068,0,51.975051
7.575605, 12:13:14,0,0,0.79,181,1093,0,51.975051
7.575605, 12:13:14,0,0,0.79,181,1093,0,51.975051
7.575605, 12:13:19,0,0,0.89,180,1124,0,51.975051
7.575605, 12:13:19,0,0,0.89,180,1124,0,51.975051
7.575605, 12:13:24,0,0,0.98,125,1153,0,51.975051
7.575605, 12:13:24,0,0,0.98,125,1153,0,51.975051
7.575605, 12:13:29,0,0,0.69,155,1179,0,51.975051
7.575605, 12:13:29,0,0,0.69,155,1179,0,51.975051
7.575605, 12:13:34,0,0,0.69,155,1203,0,51.975051
7.575605, 12:13:34,0,0,0.69,155,1203,0,51.975051
7.575605, 12:13:39,0,0,0.98,158,1267,0,51.975051
7.575605, 12:13:39,0,0,0.98,158,1267,0,51.975051
7.575605, 12:13:44,0,0,0.89,162,1178,0,51.975051
7.575605, 12:13:44,0,0,0.89,162,1178,0,51.975051
7.575605, 12:13:49,0,0,0.69,152,1190,0,51.975051
7.575605, 12:13:49,0,0,0.69,152,1190,0,51.975051
7.575605, 12:13:54,0,0,0.59,156,1205,0,51.975051
7.575605, 12:13:54,0,0,0.59,156,1205,0,51.975051
7.575605, 12:13:59,0,0,0.98,153,1221,0,51.975051
7.575605, 12:14:2,0,0,0.89,157,1224,0,51.975051
7.575605, 12:14:2,0,0,0.89,157,1224,0,51.975051
7.575605, 12:14:7,0,0,1.08,152,1218,0,51.975051
7.575605, 12:14:7,0,0,1.08,152,1218,0,51.975051
7.575605, 12:14:12,0,0,0.98,156,1211,0,51.975051
7.575605, 12:14:12,0,0,0.98,156,1211,0,51.975051
7.575605, 12:14:17,0,0,0.69,154,1208,0,51.975051
7.575605, 12:14:17,0,0,0.69,154,1208,0,51.975051
7.575605, 12:14:22,0,0,0.89,153,1209,0,51.975051
7.575605, 12:14:22,0,0,0.89,153,1209,0,51.975051
7.575605, 12:14:26,0,0,0.59,154,1219,0,51.975051
7.575605, 12:14:29,0,0,0.79,157,1227,0,51.975051
7.575605, 12:14:29,0,0,0.79,157,1227,0,51.975051
7.575605, 12:14:34,0,0,0.69,153,1236,0,51.975051
7.575605, 12:14:34,0,0,0.69,153,1236,0,51.975051
7.575605, 12:14:39,0,0,0.79,157,1242,0,51.975051
7.575605, 12:14:39,0,0,0.79,157,1242,0,51.975051
7.575605, 12:14:44,0,0,0.59,156,1206,0,51.975051
7.575605, 12:14:44,0,0,0.59,156,1206,0,51.975051
7.575605, 12:14:49,0,0,0.5,152,1210,0,51.975051
7.575605, 12:14:49,0,0,0.5,152,1210,0,51.975051
7.575605, 12:14:54,0,0,0.3,156,1211,0,51.975051
7.575605, 12:14:54,0,0,0.3,156,1211,0,51.975051
7.575605, 12:14:59,0,0,0.5,157,1207,0,51.975051
7.575605, 12:14:59,89,1,0.5,157,1207,0,51.975051
7.575605, 12:15:4,0,0,0.89,157,1202,0,51.975051
7.575605, 12:15:4,0,0,0.89,157,1202,0,51.975051
7.575605, 12:15:9,0,0,1.18,162,1192,0,51.975051
7.575605, 12:15:9,0,0,1.18,162,1192,0,51.975051
7.575605, 12:15:14,0,0,0.69,163,1188,0,51.975051
7.575605, 12:15:14,0,0,0.69,163,1188,0,51.975051
7.575605, 12:15:19,0,0,0.79,163,1184,0,51.975051
7.575605, 12:15:19,0,0,0.79,163,1184,0,51.975051
7.575605, 12:15:24,0,0,0.98,172,1178,0,51.975051
7.575605, 12:15:24,0,0,0.98,172,1178,0,51.975051
7.575605, 12:15:29,0,0,1.08,168,1173,0,51.975051
7.575605, 12:15:29,0,0,1.08,168,1173,0,51.975051
7.575605, 12:15:29,0,0,1.08,168,1173,0,51.975051
7.575605, 12:15:36,0,0,0.69,170,1170,0,51.975051
7.575605, 12:15:36,0,0,0.69,170,1170,0,51.975051
7.575605, 12:15:41,0,0,0.59,170,1179,0,51.975051
7.575605, 12:15:41,0,0,0.59,170,1179,0,51.975051
7.575605, 12:15:46,0,0,0.59,169,1198,0,51.975051
7.575605, 12:15:46,0,0,0.59,169,1198,0,51.975051
7.575605, 12:15:51,0,0,0.59,243,1230,0,51.975051
7.575605, 12:15:51,0,0,0.59,243,1230,0,51.975051
7.575605, 12:15:56,0,0,0.69,235,1259,0,51.975051
7.575605, 12:15:56,0,0,0.69,235,1259,0,51.975051
7.575605, 12:15:56,0,0,0.69,235,1259,0,51.975051
7.575605, 12:16:3,0,0,0.5,241,1269,0,51.975051
7.575605, 12:16:3,89,1,0.5,241,1269,0,51.975051
7.575605, 12:16:8,0,0,0.59,235,1270,0,51.975051
7.575605, 12:16:8,94,1,0.59,235,1270,0,51.975051
7.575605, 12:16:13,0,0,0.59,227,1264,0,51.975051
7.575605, 12:16:13,0,0,0.59,227,1264,0,51.975051
7.575605, 12:16:18,0,0,0.59,219,1254,0,51.975051
7.575605, 12:16:18,0,0,0.59,219,1254,0,51.975051
7.575605, 12:16:23,0,0,0.2,204,1241,0,51.975051
7.575605, 12:16:23,95,1,0.2,204,1241,0,51.975051
7.575605, 12:16:28,0,0,0.5,196,1233,0,51.975051
7.575605, 12:16:28,0,0,0.5,196,1233,0,51.975051
7.575605, 12:16:33,0,0,0.5,189,1227,0,51.975051
7.575605, 12:16:33,0,0,0.5,189,1227,0,51.975051
7.575605, 12:16:38,0,0,0.5,182,1226,0,51.975051
7.575605, 12:16:38,0,0,0.5,182,1226,0,51.975051
7.575605, 12:16:43,0,0,0.79,174,1226,0,51.975051
7.575605, 12:16:46,0,0,0.69,182,1223,0,51.975051
7.575605, 12:16:46,0,0,0.69,182,1223,0,51.975051
7.575605, 12:16:51,0,0,0.98,178,1214,0,51.975051
7.575605, 12:16:51,0,0,0.98,178,1214,0,51.975051
7.575605, 12:16:56,0,0,0.89,215,1200,0,51.975051
7.575605, 12:16:59,0,0,1.18,209,1188,0,51.975051
7.575605, 12:16:59,0,0,1.18,209,1188,0,51.975051
7.575605, 12:17:4,0,0,1.18,198,1164,0,51.975051
7.575605, 12:17:4,0,0,1.18,198,1164,0,51.975051
7.575605, 12:17:9,0,0,0.69,206,1137,0,51.975051
7.575605, 12:17:9,0,0,0.69,206,1137,0,51.975051
7.575605, 12:17:14,0,0,0.98,207,1111,0,51.975051
7.575605, 12:17:14,0,0,0.98,207,1111,0,51.975051
7.575605, 12:17:19,0,0,0.98,210,1087,0,51.975051
7.575605, 12:17:19,0,0,0.98,210,1087,0,51.975051
7.575605, 12:17:24,0,0,0.59,231,1063,0,51.975051
7.575605, 12:17:24,0,0,0.59,231,1063,0,51.975051
7.575605, 12:17:28,0,0,0.98,216,1051,0,51.975051
7.575605, 12:17:28,0,0,0.98,216,1051,0,51.975051
7.575605, 12:17:33,0,0,1.08,242,1046,0,51.975051
7.575605, 12:17:33,0,0,1.08,242,1046,0,51.975051
7.575605, 12:17:38,0,0,0.5,240,1045,0,51.975051
7.575605, 12:17:38,0,0,0.5,240,1045,0,51.975051
7.575605, 12:17:43,0,0,0.69,241,1044,0,51.975051
7.575605, 12:17:43,0,0,0.69,241,1044,0,51.975051
7.575605, 12:17:48,0,0,0.69,244,1037,0,51.975051
7.575605, 12:17:48,0,0,0.69,244,1037,0,51.975051
7.575605, 12:17:53,0,0,1.08,250,1024,0,51.975051
7.575605, 12:17:53,0,0,1.08,250,1024,0,51.975051
7.575605, 12:17:57,0,0,0.59,251,1011,0,51.975051
7.575605, 12:17:57,0,0,0.59,251,1011,0,51.975051
7.575605, 12:18:2,0,0,0.69,259,999,0,51.975051
7.575605, 12:18:2,0,0,0.69,259,999,0,51.975051
7.575605, 12:18:7,0,0,0.89,258,1000,0,51.975051
7.575605, 12:18:7,0,0,0.89,258,1000,0,51.975051
7.575605, 12:18:12,0,0,0.5,258,1013,0,51.975051
7.575605, 12:18:12,0,0,0.5,258,1013,0,51.975051
7.575605, 12:18:17,0,0,0.59,261,1029,0,51.975051
7.575605, 12:18:17,0,0,0.59,261,1029,0,51.975051
7.575605, 12:18:22,0,0,0.11,271,1041,0,51.975051
7.575605, 12:18:22,0,0,0.11,271,1041,0,51.975051
7.575605, 12:18:27,0,0,0.69,281,1051,0,51.975051
7.575605, 12:18:27,0,0,0.69,281,1051,0,51.975051
7.575605, 12:18:32,0,0,0.79,290,1060,0,51.975051
7.575605, 12:18:32,0,0,0.79,290,1060,0,51.975051
7.575605, 12:18:37,0,0,0.69,286,1061,0,51.975051
7.575605, 12:18:37,0,0,0.69,286,1061,0,51.975051
7.575605, 12:18:42,0,0,1.08,294,1056,0,51.975051
7.575605, 12:18:42,95,1,1.08,294,1056,0,51.975051
7.575605, 12:18:47,0,0,1.08,295,1046,0,51.975051
7.575605, 12:18:47,0,0,1.08,295,1046,0,51.975051
7.575605, 12:18:51,0,0,1.08,293,1039,0,51.975051
7.575605, 12:18:51,0,0,1.08,293,1039,0,51.975051
7.575605, 12:18:56,0,0,0.98,291,1036,0,51.975051
7.575605, 12:18:56,0,0,0.98,291,1036,0,51.975051
7.575605, 12:19:1,0,0,0.59,288,1033,0,51.975051
7.575605, 12:19:1,94,1,0.59,288,1033,0,51.975051
7.575605, 12:19:6,0,0,1.28,302,1028,0,51.975051
7.575605, 12:19:6,0,0,1.28,302,1028,0,51.975051
7.575605, 12:19:11,0,0,0.69,302,1027,0,51.975051
7.575605, 12:19:11,0,0,0.69,302,1027,0,51.975051
7.575605, 12:19:16,0,0,0.69,291,1038,0,51.975051
7.575605, 12:19:19,0,0,1.18,288,1052,0,51.975051
7.575605, 12:19:19,0,0,1.18,288,1052,0,51.975051
7.575605, 12:19:24,0,0,1.08,304,1084,0,51.975051
7.575605, 12:19:24,0,0,1.08,304,1084,0,51.975051
7.575605, 12:19:29,0,0,0.79,308,1110,0,51.975051
7.575605, 12:19:31,0,0,0.59,303,1114,0,51.975051
7.575605, 12:19:31,0,0,0.59,303,1114,0,51.975051
7.575605, 12:19:36,0,0,1.08,301,1121,0,51.975051
7.575605, 12:19:36,0,0,1.08,301,1121,0,51.975051
7.575605, 12:19:41,0,0,1.67,268,1129,0,51.975051
7.575605, 12:19:41,0,0,1.67,268,1129,0,51.975051
7.575605, 12:19:46,0,0,1.67,251,1142,0,51.975051
7.575605, 12:19:46,0,0,1.67,251,1142,0,51.975051
7.575605, 12:19:51,0,0,1.28,240,1148,0,51.975051
7.575605, 12:19:54,0,0,1.28,232,1147,0,51.975051
7.575605, 12:19:54,0,0,1.28,232,1147,0,51.975051
7.575605, 12:19:59,0,0,1.57,224,1151,0,51.975051
7.575605, 12:19:59,0,0,1.57,224,1151,0,51.975051
7.575605, 12:20:4,0,0,0.98,213,1150,0,51.975051
7.575605, 12:20:4,0,0,0.98,213,1150,0,51.975051
7.575605, 12:20:9,0,0,1.18,215,1141,0,51.975051
7.575605, 12:20:9,0,0,1.18,215,1141,0,51.975051
7.575605, 12:20:14,0,0,1.67,219,1141,0,51.975051
7.575605, 12:20:14,0,0,1.67,219,1141,0,51.975051
7.575605, 12:20:19,0,0,1.96,207,1123,0,51.975051
7.575605, 12:20:19,0,0,1.96,207,1123,0,51.975051
7.575605, 12:20:23,0,0,1.38,212,1133,0,51.975051
7.575605, 12:20:23,94,1,1.38,212,1133,0,51.975051
7.575605, 12:20:28,0,0,0.89,197,1147,0,51.975051
7.575605, 12:20:28,0,0,0.89,197,1147,0,51.975051
7.575605, 12:20:33,0,0,0.79,200,1156,0,51.975051
7.575605, 12:20:33,0,0,0.79,200,1156,0,51.975051
7.575605, 12:20:37,0,0,1.08,198,1156,0,51.975051
7.575605, 12:20:37,0,0,1.08,198,1156,0,51.975051
7.575605, 12:20:42,0,0,1.08,199,1162,0,51.975051
7.575605, 12:20:42,0,0,1.08,199,1162,0,51.975051
7.575605, 12:20:42,0,0,1.08,199,1162,0,51.975044
7.575498, 12:20:49,0,0,0.98,203,1169,0,51.975044
7.575498, 12:20:49,0,0,0.98,203,1169,0,51.975044
7.57549, 12:20:54,0,0,1.38,208,1166,0,51.975044
7.57549, 12:20:54,0,0,1.38,208,1166,0,51.975044
7.57549, 12:20:59,0,0,1.28,208,1172,0,51.975044
7.57549, 12:20:59,0,0,1.28,208,1172,0,51.975044
7.57549, 12:21:4,0,0,0.79,202,1171,0,51.975044
7.57549, 12:21:4,0,0,0.79,202,1171,0,51.975044
7.57549, 12:21:9,0,0,0.59,214,1167,0,51.975044
7.57549, 12:21:9,0,0,0.59,214,1167,0,51.975044
7.57549, 12:21:14,0,0,0.89,211,1163,0,51.975044
7.57549, 12:21:14,0,0,0.89,211,1163,0,51.975044
7.57549, 12:21:19,0,0,0.69,213,1140,0,51.975044
7.57549, 12:21:19,0,0,0.69,213,1140,0,51.975044
7.57549, 12:21:24,0,0,0.79,214,1093,0,51.975044
7.57549, 12:21:24,0,0,0.79,214,1093,0,51.975044
7.57549, 12:21:29,0,0,0.79,210,1055,0,51.975044
7.57549, 12:21:29,0,0,0.79,210,1055,0,51.975044
7.57549, 12:21:34,0,0,1.18,203,1036,0,51.975044
7.57549, 12:21:34,0,0,1.18,203,1036,0,51.975044
7.57549, 12:21:39,0,0,0.5,208,1023,0,51.975044
7.57549, 12:21:39,0,0,0.5,208,1023,0,51.975044
7.57549, 12:21:44,0,0,0.79,218,1011,0,51.975044
7.57549, 12:21:44,0,0,0.79,218,1011,0,51.975044
7.57549, 12:21:49,0,0,1.08,210,1000,0,51.975044
7.57549, 12:21:49,0,0,1.08,210,1000,0,51.975044
7.57549, 12:21:54,95,1,0.5,212,991,0,51.975044
7.57549, 12:21:54,0,0,0.5,212,991,0,51.975044
7.57549, 12:21:59,0,0,0.59,217,994,0,51.975044
7.57549, 12:21:59,0,0,0.59,217,994,0,51.975044
7.57549, 12:22:4,0,0,0.79,205,1011,0,51.975044
7.57549, 12:22:4,0,0,0.79,205,1011,0,51.975044
7.57549, 12:22:9,0,0,0.5,205,1031,0,51.975044
7.57549, 12:22:9,0,0,0.5,205,1031,0,51.975044
7.57549, 12:22:14,0,0,0.3,209,1045,0,51.975044
7.57549, 12:22:14,0,0,0.3,209,1045,0,51.975044
7.57549, 12:22:19,0,0,0.4,206,1060,0,51.975044
7.57549, 12:22:19,0,0,0.4,206,1060,0,51.975044
7.57549, 12:22:23,0,0,0.2,209,1066,0,51.975044
7.57549, 12:22:23,0,0,0.2,209,1066,0,51.975044
7.57549, 12:22:23,0,0,0.2,209,1066,0,51.975044
7.57549, 12:22:30,0,0,0.69,205,1062,0,51.975044
7.57549, 12:22:30,0,0,0.69,205,1062,0,51.975044
7.57549, 12:22:35,0,0,0.59,204,1050,0,51.975044
7.57549, 12:22:35,0,0,0.59,204,1050,0,51.975044
7.57549, 12:22:40,0,9,0.89,199,1042,0,51.975044
7.57549, 12:22:40,160,0,0.89,199,1042,0,51.975044
7.57549, 12:22:44,0,0,0.5,199,1032,0,51.975044
7.57549, 12:22:44,0,0,0.5,199,1032,0,51.975044
7.57549, 12:22:49,0,0,0.98,196,1023,0,51.975044
7.57549, 12:22:49,0,0,0.98,196,1023,0,51.975044
7.57549, 12:22:49,0,0,0.98,196,1023,0,51.975044
7.57549, 12:22:56,0,0,0.79,193,1027,0,51.975044
7.57549, 12:22:56,95,1,0.79,193,1027,0,51.975044
7.57549, 12:23:1,0,0,0.5,193,1033,0,51.975044
7.57549, 12:23:1,0,0,0.5,193,1033,0,51.975044
7.57549, 12:23:5,0,0,0.69,202,1039,0,51.975044
7.57549, 12:23:5,0,0,0.69,202,1039,0,51.975044
7.57549, 12:23:10,0,0,0.79,197,1042,0,51.975044
7.57549, 12:23:10,95,1,0.79,197,1042,0,51.975044
7.57549, 12:23:15,0,0,0.59,194,1040,0,51.975044
7.57549, 12:23:15,0,0,0.59,194,1040,0,51.975044
7.57549, 12:23:20,0,0,0.69,208,1036,0,51.975044
7.57549, 12:23:20,0,0,0.69,208,1036,0,51.975044
7.57549, 12:23:25,0,0,0.4,203,1028,0,51.975044
7.57549, 12:23:25,0,0,0.4,203,1028,0,51.975044
7.57549, 12:23:29,0,0,0.3,200,1016,0,51.975044
7.57549, 12:23:29,0,0,0.3,200,1016,0,51.975044
7.57549, 12:23:34,0,0,0.98,232,997,0,51.975044
7.57549, 12:23:34,0,0,0.98,232,997,0,51.975044
7.57549, 12:23:39,0,0,0.59,215,979,0,51.975044
7.57549, 12:23:39,0,0,0.59,215,979,0,51.975044
7.57549, 12:23:44,0,0,0.69,208,960,0,51.975044
7.57549, 12:23:44,0,0,0.69,208,960,0,51.975044
7.57549, 12:23:49,0,0,0.5,204,939,0,51.975044
7.57549, 12:23:49,0,0,0.5,204,939,0,51.975044
7.57549, 12:23:54,0,0,0.79,199,919,0,51.975044
7.57549, 12:23:54,95,1,0.79,199,919,0,51.975044
7.57549, 12:23:59,0,0,0.98,201,895,0,51.975044
7.57549, 12:23:59,0,0,0.98,201,895,0,51.975044
7.57549, 12:24:4,0,0,0.5,200,869,0,51.975044
7.57549, 12:24:4,0,0,0.5,200,869,0,51.975044
7.57549, 12:24:9,0,0,0.4,195,847,0,51.975044
7.57549, 12:24:9,0,0,0.4,195,847,0,51.975044
7.57549, 12:24:14,0,0,0.59,210,822,0,51.975044
7.57549, 12:24:14,0,0,0.59,210,822,0,51.975044
7.57549, 12:24:18,0,0,0.59,192,802,0,51.975044
7.57549, 12:24:18,0,0,0.59,192,802,0,51.975044
7.57549, 12:24:22,0,0,0.79,199,781,0,51.975044
7.57549, 12:24:22,0,0,0.79,199,781,0,51.975044
7.57549, 12:24:27,0,0,0.59,199,756,0,51.975044
7.57549, 12:24:27,0,0,0.59,199,756,0,51.975044
7.57549, 12:24:32,0,0,0.59,193,736,0,51.975044
7.57549, 12:24:32,0,0,0.59,193,736,0,51.975044
7.57549, 12:24:37,0,0,0.59,203,722,0,51.975044
7.57549, 12:24:37,95,1,0.59,203,722,0,51.975044
7.57549, 12:24:42,0,0,0.79,208,720,0,51.975044
7.57549, 12:24:42,0,0,0.79,208,720,0,51.975044
7.57549, 12:24:47,0,0,0.79,211,727,0,51.975044
7.57549, 12:24:47,0,0,0.79,211,727,0,51.975044
7.57549, 12:24:51,0,0,0.4,207,737,0,51.975044
7.57549, 12:24:51,0,0,0.4,207,737,0,51.975044
7.57549, 12:24:56,0,0,0.69,206,744,0,51.975044
7.57549, 12:24:56,0,0,0.69,206,744,0,51.975044
7.57549, 12:25:1,0,0,0.59,203,741,0,51.975044
7.57549, 12:25:1,0,0,0.59,203,741,0,51.975044
7.57549, 12:25:6,0,0,0.79,218,733,0,51.975044
7.57549, 12:25:6,0,0,0.79,218,733,0,51.975044
7.57549, 12:25:11,0,0,0.89,205,726,0,51.975044
7.57549, 12:25:11,0,0,0.89,205,726,0,51.975044
7.57549, 12:25:15,0,0,0.59,207,729,0,51.975044
7.57549, 12:25:15,0,0,0.59,207,729,0,51.975044
7.57549, 12:25:20,0,0,0.4,198,738,0,51.975044
7.57549, 12:25:20,0,0,0.4,198,738,0,51.975044
7.57549, 12:25:25,0,0,0.4,200,750,0,51.975044
7.57549, 12:25:25,0,0,0.4,200,750,0,51.975044
7.57549, 12:25:30,0,0,0.59,198,758,0,51.975044
7.57549, 12:25:30,0,0,0.59,198,758,0,51.975044
7.57549, 12:25:35,0,0,0.79,313,760,0,51.975044
7.57549, 12:25:35,0,0,0.79,313,760,0,51.975044
7.57549, 12:25:40,0,0,0.4,260,764,0,51.975044
7.57549, 12:25:40,0,0,0.4,260,764,0,51.975044
7.57549, 12:25:45,0,0,0.59,240,761,0,51.975044
7.57549, 12:25:45,0,0,0.59,240,761,0,51.975044
7.57549, 12:25:50,0,0,0.89,225,756,0,51.975044
7.57549, 12:25:50,0,0,0.89,225,756,0,51.975044
7.57549, 12:25:55,0,0,0.79,220,750,0,51.975044
7.57549, 12:25:55,0,0,0.79,220,750,0,51.975044
7.57549, 12:26:0,0,0,0.59,215,739,0,51.975044
7.57549, 12:26:0,0,0,0.59,215,739,0,51.975044
7.57549, 12:26:4,0,0,0.2,216,730,0,51.975044
7.57549, 12:26:4,0,0,0.2,216,730,0,51.975044
7.57549, 12:26:9,0,0,0.3,215,719,0,51.975044
7.57549, 12:26:9,0,0,0.3,215,719,0,51.975044
7.57549, 12:26:14,0,0,0.3,222,709,0,51.975044
7.57549, 12:26:14,0,0,0.3,222,709,0,51.975044
7.57549, 12:26:19,0,0,0.59,211,703,0,51.975044
7.57549, 12:26:19,0,0,0.59,211,703,0,51.975044
7.57549, 12:26:24,0,0,0.59,226,694,0,51.975044
7.57549, 12:26:24,0,0,0.59,226,694,0,51.975044
7.57549, 12:26:28,0,0,0.4,226,687,0,51.975044
7.57549, 12:26:28,0,0,0.4,226,687,0,51.975044
7.57549, 12:26:33,0,0,0.59,240,678,0,51.975044
7.57549, 12:26:33,0,0,0.59,240,678,0,51.975044
7.57549, 12:26:38,0,0,0.59,243,676,0,51.975044
7.57549, 12:26:38,0,0,0.59,243,676,0,51.975044
7.57549, 12:26:43,0,0,0.89,235,676,0,51.975044
7.57549, 12:26:43,0,0,0.89,235,676,0,51.975044
7.57549, 12:26:48,0,0,1.18,239,678,0,51.975044
7.57549, 12:26:48,0,0,1.18,239,678,0,51.975044
7.57549, 12:26:53,0,0,0.89,236,684,0,51.975044
7.57549, 12:26:53,0,0,0.89,236,684,0,51.975044
7.57549, 12:26:58,0,0,0.79,219,686,0,51.975044
7.57549, 12:26:58,0,0,0.79,219,686,0,51.975044
7.57549, 12:27:3,0,0,0.89,223,679,0,51.975044
7.57549, 12:27:3,0,0,0.89,223,679,0,51.975044
7.57549, 12:27:7,0,0,0.98,223,679,0,51.975044
7.57549, 12:27:7,0,0,0.98,223,679,0,51.975044
7.57549, 12:27:12,0,0,1.28,232,677,0,51.975044
7.57549, 12:27:12,0,0,1.28,232,677,0,51.975044
7.57549, 12:27:17,0,0,1.08,226,675,0,51.975044
7.57549, 12:27:17,0,0,1.08,226,675,0,51.975044
7.57549, 12:27:22,0,0,0.59,224,672,0,51.975044
7.57549, 12:27:22,0,0,0.59,224,672,0,51.975044
7.57549, 12:27:27,0,0,0.59,228,665,0,51.975044
7.57549, 12:27:27,95,1,0.59,228,665,0,51.975044
7.57549, 12:27:32,0,0,0.89,231,659,0,51.975044
7.57549, 12:27:32,0,0,0.89,231,659,0,51.975044
7.57549, 12:27:37,0,0,0.69,223,654,0,51.975044
7.57549, 12:27:37,0,0,0.69,223,654,0,51.975044
7.57549, 12:27:41,0,0,0.79,228,651,0,51.975044
7.57549, 12:27:41,0,0,0.79,228,651,0,51.975044
7.57549, 12:27:46,0,0,0.5,222,714,0,51.975044
7.57549, 12:27:46,95,1,0.5,222,714,0,51.975044
7.57549, 12:27:51,0,0,0.3,225,561,0,51.975044
7.57549, 12:27:51,0,0,0.3,225,561,0,51.975044
7.57549, 12:27:56,95,1,0.5,255,551,0,51.975044
7.57549, 12:27:56,0,0,0.5,255,551,0,51.975044
7.57549, 12:28:1,0,0,0.5,249,540,0,51.975044
7.57549, 12:28:1,0,0,0.5,249,540,0,51.975044
7.57549, 12:28:5,0,0,0.4,245,531,0,51.975044
7.57549, 12:28:5,0,0,0.4,245,531,0,51.975044
7.57549, 12:28:10,0,0,0.59,244,520,0,51.975044
7.57549, 12:28:10,0,0,0.59,244,520,0,51.975044
7.57549, 12:28:15,0,0,0.89,252,512,0,51.975044
7.57549, 12:28:15,0,0,0.89,252,512,0,51.975044
7.57549, 12:28:20,0,0,0.2,239,506,0,51.975044
7.57549, 12:28:20,0,0,0.2,239,506,0,51.975044
7.57549, 12:28:25,0,0,0.5,240,498,0,51.975044
7.57549, 12:28:25,0,0,0.5,240,498,0,51.975044
7.57549, 12:28:30,0,0,0.79,244,492,0,51.975044
7.57549, 12:28:30,0,0,0.79,244,492,0,51.975044
7.57549, 12:28:35,0,0,0.5,241,480,0,51.975044
7.57549, 12:28:38,0,0,0.69,246,474,0,51.975044
7.57549, 12:28:38,0,0,0.69,246,474,0,51.975044
7.57549, 12:28:43,0,0,1.47,246,465,0,51.975044
7.57549, 12:28:43,0,0,1.47,246,465,0,51.975044
7.57549, 12:28:48,0,0,0.89,240,459,0,51.975044
7.57549, 12:28:48,0,0,0.89,240,459,0,51.975044
7.57549, 12:28:48,0,0,0.89,240,459,0,51.975044
7.57549, 12:28:55,0,0,0.98,244,452,0,51.975044
7.57549, 12:28:55,0,0,0.98,244,452,0,51.975044
7.57549, 12:29:0,0,0,1.08,239,453,0,51.975044
7.57549, 12:29:2,0,0,0.59,239,454,0,51.975044
7.57549, 12:29:2,0,0,0.59,239,454,0,51.975044
7.57549, 12:29:7,0,0,0.69,239,460,0,51.975044
7.57549, 12:29:7,0,0,0.69,239,460,0,51.975044
7.57549, 12:29:12,0,0,0.79,246,466,0,51.975044
7.57549, 12:29:12,0,0,0.79,246,466,0,51.975044
7.57549, 12:29:17,0,0,0.79,237,471,0,51.975044
7.57549, 12:29:17,0,0,0.79,237,471,0,51.975044
7.57549, 12:29:17,0,0,1.28,263,475,0,51.975044
7.57549, 12:29:24,0,0,0.98,261,478,0,51.975044
7.57549, 12:29:24,0,0,0.98,261,478,0,51.975044
7.57549, 12:29:29,0,0,1.08,260,486,0,51.975044
7.57549, 12:29:29,0,0,1.08,260,486,0,51.975044
7.57549, 12:29:34,0,0,0.59,256,493,0,51.975044
7.57549, 12:29:34,0,0,0.59,256,493,0,51.975044
7.57549, 12:29:39,0,0,1.08,264,496,0,51.975044
7.57549, 12:29:39,0,0,1.08,264,496,0,51.975044
7.57549, 12:29:44,0,0,1.57,263,494,0,51.975044
7.57549, 12:29:44,0,0,1.57,263,494,0,51.975044
7.57549, 12:29:49,0,0,1.28,265,492,0,51.975044
7.57549, 12:29:49,0,0,1.28,265,492,0,51.975044
7.57549, 12:29:54,0,0,0.89,260,486,0,51.975044
7.57549, 12:29:54,0,0,0.89,260,486,0,51.975044
7.57549, 12:29:59,0,0,0.59,261,481,0,51.975044
7.57549, 12:29:59,0,0,0.59,261,481,0,51.975044
7.57549, 12:30:3,0,0,1.38,267,478,0,51.975044
7.57549, 12:30:3,0,0,1.38,267,478,0,51.975044
7.57549, 12:30:7,0,0,0.89,263,477,0,51.975044
7.57549, 12:30:7,0,0,0.89,263,477,0,51.975044
7.57549, 12:30:12,0,0,0.59,258,477,0,51.975044
7.57549, 12:30:12,0,0,0.59,258,477,0,51.975044
7.57549, 12:30:17,0,0,0.89,256,480,0,51.975044
7.57549, 12:30:17,0,0,0.89,256,480,0,51.975044
7.57549, 12:30:22,0,0,1.08,269,484,0, 
